{
  "period": "2yr",
  "locations": {
    "yamoussoukro": {
      "total_days": 731,
      "temperature": {
        "avg_mean": 26.300274348422494,
        "avg_max": 31.793827160493823,
        "avg_min": 22.566941015089164,
        "extreme_max": 38.3,
        "extreme_min": 18.4
      },
      "rainfall": {
        "total_mm": 2686.5,
        "daily_avg_mm": 3.685185185185185,
        "max_daily_mm": 49.5,
        "dry_days": 184,
        "heavy_rain_days": 0
      },
      "risk_indicators": {
        "temp_stress_days": 408,
        "drought_risk_days": 174,
        "flood_risk_days": 0,
        "avg_risk_index": 0.18372093023255814
      }
    },
    "kumasi": {
      "total_days": 731,
      "temperature": {
        "avg_mean": 26.468861454046642,
        "avg_max": 31.99259259259259,
        "avg_min": 22.815500685871058,
        "extreme_max": 38.6,
        "extreme_min": 18.6
      },
      "rainfall": {
        "total_mm": 2786.1,
        "daily_avg_mm": 3.821810699588477,
        "max_daily_mm": 68.5,
        "dry_days": 155,
        "heavy_rain_days": 1
      },
      "risk_indicators": {
        "temp_stress_days": 375,
        "drought_risk_days": 174,
        "flood_risk_days": 0,
        "avg_risk_index": 0.17277701778385773
      }
    },
    "san_pedro": {
      "total_days": 731,
      "temperature": {
        "avg_mean": 26.384910836762685,
        "avg_max": 28.924005486968454,
        "avg_min": 24.327023319615915,
        "extreme_max": 33.9,
        "extreme_min": 20.0
      },
      "rainfall": {
        "total_mm": 2620.2,
        "daily_avg_mm": 3.5942386831275717,
        "max_daily_mm": 48.6,
        "dry_days": 40,
        "heavy_rain_days": 0
      },
      "risk_indicators": {
        "temp_stress_days": 26,
        "drought_risk_days": 81,
        "flood_risk_days": 0,
        "avg_risk_index": 0.04165526675786594
      }
    },
    "takoradi": {
      "total_days": 731,
      "temperature": {
        "avg_mean": 26.486145404663926,
        "avg_max": 29.850068587105625,
        "avg_min": 24.064471879286693,
        "extreme_max": 33.7,
        "extreme_min": 20.9
      },
      "rainfall": {
        "total_mm": 3266.7,
        "daily_avg_mm": 4.481069958847736,
        "max_daily_mm": 60.9,
        "dry_days": 30,
        "heavy_rain_days": 1
      },
      "risk_indicators": {
        "temp_stress_days": 87,
        "drought_risk_days": 64,
        "flood_risk_days": 0,
        "avg_risk_index": 0.052257181942544466
      }
    }
  }
}